{
  "bin_theory": [
    0.3289075664590174,
    0.39939539768295884,
    0.43504633589747027,
    0.46319737232990416,
    0.4879790728854332
  ],
  "bin_emp": [
    0.022448979591836733,
    0.15709387755102042,
    0.3459265306122449,
    0.5855510204081633,
    0.8349469387755103
  ],
  "bin_n": [
    245,
    245,
    245,
    245,
    245
  ],
  "max_dev_pp": 34.69678658900771,
  "sigma_h": 1.0033955955097846
}