{
  "bic_1": 4262.7101121219775,
  "bic_2": 4346.299967812893,
  "bic_3": 4382.708924127771,
  "improvement_pct": -1.9609556712103995,
  "best_model": "1_gaussian"
}