{
  "bench_arena": {
    "n": 31,
    "rho": 0.7935483870967742,
    "tau": 0.6301075268817204,
    "p": 1.0074587278483163e-07
  },
  "bench_alpaca": {
    "n": 10,
    "rho": 0.7575757575757575,
    "tau": 0.5555555555555555,
    "p": 0.011143446799694208
  },
  "arena_alpaca": {
    "n": 17,
    "rho": 0.5955882352941178,
    "tau": 0.4411764705882352,
    "p": 0.011646731380544145
  },
  "arena_livebench": {
    "n": 24,
    "rho": 0.8339130434782607,
    "tau": 0.6739130434782609,
    "p": 4.1486919289144065e-07
  }
}