{
  "ollm_v2": {
    "all": {
      "n_models": 458,
      "k_benchmarks": 6,
      "eigenvalues": [
        4.271958301263753,
        0.7180146360748513,
        0.44828306782887317,
        0.35187019327661795,
        0.15808928823076093,
        0.05178451332514389
      ],
      "explained_variance": [
        0.7119930502106255,
        0.11966910601247521,
        0.07471384463814552,
        0.058645032212769656,
        0.026348214705126823,
        0.008630752220857315
      ],
      "d_eff": 1.883079889172342,
      "d_eff_mp": 1.0,
      "mp_threshold": 1.2420147147961773,
      "n_signal_eigs": 1,
      "bootstrap_ci_d_eff": [
        1.763407140936489,
        2.017317851390416
      ],
      "bootstrap_ci_d_eff_mp": [
        1.0,
        1.0
      ]
    },
    "params>=7B": {
      "n_models": 294,
      "k_benchmarks": 6,
      "eigenvalues": [
        4.040702175586692,
        0.7807083622234515,
        0.5484206517255622,
        0.3745066177941631,
        0.1852362828346607,
        0.07042590983546947
      ],
      "explained_variance": [
        0.6734503625977821,
        0.13011806037057527,
        0.09140344195426038,
        0.06241776963236053,
        0.03087271380577679,
        0.011737651639244912
      ],
      "d_eff": 2.0669375039835103,
      "d_eff_mp": 1.0,
      "mp_threshold": 1.3061224489795917,
      "n_signal_eigs": 1,
      "bootstrap_ci_d_eff": [
        1.9039358242832023,
        2.2364213417930014
      ],
      "bootstrap_ci_d_eff_mp": [
        1.0,
        1.0
      ]
    },
    "top50pct": {
      "n_models": 229,
      "k_benchmarks": 6,
      "eigenvalues": [
        3.2243757332047434,
        1.1599308905850338,
        0.7044185817419166,
        0.48875662947971654,
        0.2763863577382329,
        0.1461318072503566
      ],
      "explained_variance": [
        0.5373959555341238,
        0.19332181509750562,
        0.11740309695698609,
        0.08145943824661941,
        0.046064392956372144,
        0.024355301208392764
      ],
      "d_eff": 2.862852419854921,
      "d_eff_mp": 1.0,
      "mp_threshold": 1.349934550093461,
      "n_signal_eigs": 1,
      "bootstrap_ci_d_eff": [
        2.598713606614974,
        3.1109243845947887
      ],
      "bootstrap_ci_d_eff_mp": [
        1.0,
        1.0
      ]
    },
    "top25pct": {
      "n_models": 115,
      "k_benchmarks": 6,
      "eigenvalues": [
        2.743263387715258,
        1.2955587665948227,
        0.828270310490106,
        0.6065841307134725,
        0.3599115613345972,
        0.16641184315174154
      ],
      "explained_variance": [
        0.4572105646192098,
        0.21592646109913718,
        0.13804505174835105,
        0.10109735511891212,
        0.05998526022243288,
        0.02773530719195693
      ],
      "d_eff": 3.4564960385468404,
      "d_eff_mp": 1.0,
      "mp_threshold": 1.509006105619607,
      "n_signal_eigs": 1,
      "bootstrap_ci_d_eff": [
        3.0076708623099258,
        3.831276390996162
      ],
      "bootstrap_ci_d_eff_mp": [
        1.0,
        1.0
      ]
    }
  },
  "extended": {
    "all": {
      "n_models": 295,
      "k_benchmarks": 12,
      "eigenvalues": [
        8.108183478181045,
        1.05644730080976,
        0.7681408391385708,
        0.7018243549679101,
        0.38561439352871396,
        0.3440104384388981,
        0.24106419436106552,
        0.1674344929815528,
        0.10967998353857573,
        0.0516748497738324,
        0.04363529866666419,
        0.022290375613405848
      ],
      "explained_variance": [
        0.6756819565150876,
        0.08803727506748005,
        0.06401173659488094,
        0.05848536291399254,
        0.03213453279405951,
        0.02866753653657486,
        0.02008868286342214,
        0.013952874415129409,
        0.00913999862821465,
        0.004306237481152703,
        0.003636274888888685,
        0.001857531301117155
      ],
      "d_eff": 2.107987306941169,
      "d_eff_mp": 1.0,
      "mp_threshold": 1.4440535533733836,
      "n_signal_eigs": 1,
      "bootstrap_ci_d_eff": [
        1.974383755582822,
        2.273205368911566
      ],
      "bootstrap_ci_d_eff_mp": [
        1.0,
        1.0
      ]
    },
    "params>=7B": {
      "n_models": 229,
      "k_benchmarks": 12,
      "eigenvalues": [
        7.194813525573574,
        1.3863783299999883,
        0.9495776141812129,
        0.7621680778859076,
        0.45199662331936685,
        0.3856697903917698,
        0.30931851393771403,
        0.20781788138295915,
        0.15316668417314416,
        0.09104983967064376,
        0.06170623361624763,
        0.04633688586747432
      ],
      "explained_variance": [
        0.5995677937977978,
        0.11553152749999901,
        0.07913146784843439,
        0.06351400649049228,
        0.0376663852766139,
        0.03213914919931415,
        0.02577654282814283,
        0.01731815678191326,
        0.012763890347762012,
        0.007587486639220312,
        0.005142186134687301,
        0.0038614071556228595
      ],
      "d_eff": 2.5852969542873283,
      "d_eff_mp": 1.0,
      "mp_threshold": 1.5102303029548,
      "n_signal_eigs": 1,
      "bootstrap_ci_d_eff": [
        2.316027989758345,
        2.9057512484325727
      ],
      "bootstrap_ci_d_eff_mp": [
        1.0,
        1.472610000698842
      ]
    },
    "top50pct": {
      "n_models": 148,
      "k_benchmarks": 12,
      "eigenvalues": [
        4.262093974513502,
        2.8076392017863308,
        1.2855657222136403,
        0.9565860825480069,
        0.8477367230657665,
        0.5144805857077706,
        0.4285256768155759,
        0.31312995153793793,
        0.2463848346652791,
        0.17176491760404752,
        0.08732894702124588,
        0.07876338252089558
      ],
      "explained_variance": [
        0.35517449787612515,
        0.23396993348219422,
        0.10713047685113669,
        0.07971550687900057,
        0.07064472692214721,
        0.04287338214231421,
        0.03571047306796466,
        0.026094162628161496,
        0.020532069555439927,
        0.014313743133670627,
        0.00727741225177049,
        0.006563615210074632
      ],
      "d_eff": 4.802386749319543,
      "d_eff_mp": 1.9187877876177746,
      "mp_threshold": 1.6505758785325804,
      "n_signal_eigs": 2,
      "bootstrap_ci_d_eff": [
        4.121900684182791,
        5.2024108382249095
      ],
      "bootstrap_ci_d_eff_mp": [
        1.8032579109923164,
        1.9889793968855265
      ]
    },
    "top25pct": {
      "n_models": 74,
      "k_benchmarks": 12,
      "eigenvalues": [
        4.381460876620618,
        2.8925791241041585,
        1.309497099040015,
        0.9507682485653797,
        0.6439842441080004,
        0.5538378507076333,
        0.3941553407529546,
        0.30696437827977013,
        0.26833196684300675,
        0.17834405259525463,
        0.08342417461442177,
        0.036652643768789815
      ],
      "explained_variance": [
        0.3651217397183847,
        0.24104826034201313,
        0.10912475825333455,
        0.07923068738044828,
        0.05366535367566668,
        0.04615315422563609,
        0.032846278396079544,
        0.025580364856647504,
        0.022360997236917222,
        0.014862004382937881,
        0.006952014551201812,
        0.0030543869807324836
      ],
      "d_eff": 4.605626355107246,
      "d_eff_mp": 1.9195780107851517,
      "mp_threshold": 1.9675494284189912,
      "n_signal_eigs": 2,
      "bootstrap_ci_d_eff": [
        3.8300421783075524,
        5.003724646724225
      ],
      "bootstrap_ci_d_eff_mp": [
        1.7788659503527344,
        1.9831634794156414
      ]
    }
  }
}