{
  "ollm_v2": {
    "n_models": 458,
    "k_benchmarks": 6,
    "greedy_order": [
      "BBH",
      "IFEval",
      "MUSR",
      "MATH Lvl 5",
      "GPQA",
      "MMLU-PRO"
    ],
    "marginal_gains": [
      0.7094336685487811,
      0.10698695072836839,
      0.07987439709884303,
      0.0641777837333305,
      0.029833658030175347,
      0.009693541860501864
    ],
    "cumulative_coverage": [
      0.7094336685487811,
      0.8164206192771495,
      0.8962950163759925,
      0.960472800109323,
      0.9903064581394984,
      1.0000000000000002
    ],
    "min_subset_for_90pct": [
      "BBH",
      "IFEval",
      "MUSR",
      "MATH Lvl 5"
    ],
    "redundancies": [
      "MMLU-PRO"
    ],
    "D_lower_bound": 1,
    "D_upper_bound": 457,
    "lambda_plus": 1.2420147147961773,
    "random_mean_curve": [
      0.6815809306455165,
      0.7898607394703121,
      0.8572147386815564,
      0.906534208428041,
      0.956690686975941,
      1.0
    ]
  },
  "extended": {
    "n_models": 295,
    "k_benchmarks": 12,
    "greedy_order": [
      "MMLU",
      "MMLU-PRO",
      "MUSR",
      "IFEval",
      "TruthfulQA",
      "MATH Lvl 5",
      "GSM8K",
      "GPQA",
      "HellaSwag",
      "BBH",
      "Winogrande",
      "ARC"
    ],
    "marginal_gains": [
      0.6734987065616935,
      0.08036397218433244,
      0.0617589613082441,
      0.05844708393487097,
      0.034297552274220156,
      0.028398552102623098,
      0.020325893320121136,
      0.016788557043142416,
      0.011759855591208623,
      0.008031684532160632,
      0.004442869838022667,
      0.0018863113093602335
    ],
    "cumulative_coverage": [
      0.6734987065616935,
      0.753862678746026,
      0.8156216400542701,
      0.874068723989141,
      0.9083662762633612,
      0.9367648283659843,
      0.9570907216861054,
      0.9738792787292478,
      0.9856391343204565,
      0.9936708188526171,
      0.9981136886906398,
      1.0
    ],
    "min_subset_for_90pct": [
      "MMLU",
      "MMLU-PRO",
      "MUSR",
      "IFEval",
      "TruthfulQA"
    ],
    "redundancies": [
      "GPQA",
      "HellaSwag",
      "BBH",
      "Winogrande",
      "ARC"
    ],
    "D_lower_bound": 1,
    "D_upper_bound": 294,
    "lambda_plus": 1.4440535533733836,
    "random_mean_curve": [
      0.6475247916689932,
      0.7332380618009097,
      0.7921748776678932,
      0.8354411437545903,
      0.8705223070150521,
      0.8992721719368881,
      0.9249029513654318,
      0.9460629007663449,
      0.9641540282757447,
      0.9777309063046683,
      0.9902368719780925,
      1.0
    ]
  },
  "extended_top50": {
    "n_models": 148,
    "k_benchmarks": 12,
    "greedy_order": [
      "MMLU",
      "HellaSwag",
      "IFEval",
      "MUSR",
      "GSM8K",
      "MATH Lvl 5",
      "BBH",
      "GPQA",
      "TruthfulQA",
      "Winogrande",
      "MMLU-PRO",
      "ARC"
    ],
    "marginal_gains": [
      0.33891235802603115,
      0.2411781349167612,
      0.10026527997917667,
      0.0810010369636951,
      0.07432451223411896,
      0.03882478797210431,
      0.03622886326242447,
      0.030680473672418995,
      0.026107295534896546,
      0.01754280018011034,
      0.008063549512396073,
      0.006870907745865851
    ],
    "cumulative_coverage": [
      0.33891235802603115,
      0.5800904929427924,
      0.680355772921969,
      0.7613568098856641,
      0.8356813221197831,
      0.8745061100918874,
      0.9107349733543119,
      0.9414154470267309,
      0.9675227425616274,
      0.9850655427417377,
      0.9931290922541338,
      0.9999999999999997
    ],
    "min_subset_for_90pct": [
      "MMLU",
      "HellaSwag",
      "IFEval",
      "MUSR",
      "GSM8K",
      "MATH Lvl 5",
      "BBH"
    ],
    "redundancies": [
      "Winogrande",
      "MMLU-PRO",
      "ARC"
    ],
    "D_lower_bound": 2,
    "D_upper_bound": 147,
    "lambda_plus": 1.6505758785325804,
    "random_mean_curve": [
      0.27416658461738463,
      0.4581674772902731,
      0.598761498858589,
      0.6924949520887541,
      0.7682307315986874,
      0.8213308172675303,
      0.8640140923529687,
      0.9002693213032529,
      0.931224402113364,
      0.9559549885837326,
      0.980099586546834,
      1.0
    ]
  }
}