{
  "d_eff": 4.802386749319542,
  "R": 7.303801014826543,
  "k": 12,
  "omega_emp_ratio": 1.57,
  "omega_rogers": 0.8034284189446518,
  "delta_H": 18.42577528711328,
  "C_empirical": 4.849462879564945,
  "C_worst": 5.937597971740447,
  "ratio": 0.8167381662829988
}