{
  "n": 37,
  "k": 7,
  "d_eff": 2.6332910965785583,
  "greedy_order": [
    "connections",
    "story_generation",
    "LCB_generation",
    "plot_unscrambling",
    "paraphrase",
    "typos",
    "coding_completion"
  ],
  "coverages": [
    0.5517138390062384,
    0.7291373200123545,
    0.8328436473804437,
    0.9146175611697653,
    0.9507620630703005,
    0.9866868432664762,
    1.0000000000000002
  ],
  "greedy_taus": [
    0.6906906906906908,
    0.7597597597597597,
    0.8348348348348349,
    0.8588588588588588
  ],
  "random_taus": [
    0.6888588588588589,
    0.7686036036036037,
    0.8153003003003003,
    0.861996996996997
  ]
}