{
  "pc1": {
    "pearson": 0.2692144847523016,
    "spearman": 0.2686139520077556,
    "p_pearson": 0.000937403202819798,
    "p_spearman": 0.0009633906151156576
  },
  "pc2": {
    "pearson": 0.026811103385007806,
    "spearman": 0.02104304579070576,
    "p_pearson": 0.7463440769976458,
    "p_spearman": 0.7996058779445235
  },
  "pc3": {
    "pearson": -0.09309321900872491,
    "spearman": -0.0227347815504652,
    "p_pearson": 0.2604318541220138,
    "p_spearman": 0.7838764479886872
  },
  "pc4": {
    "pearson": -0.06819860082383764,
    "spearman": -0.06928157683102361,
    "p_pearson": 0.4101688614631027,
    "p_spearman": 0.4027576832130981
  },
  "pc5": {
    "pearson": 0.10575111331941495,
    "spearman": 0.12739473618459815,
    "p_pearson": 0.20082675736156622,
    "p_spearman": 0.12283640185997799
  },
  "best_match_pc1": {
    "v1_pc": 2,
    "abs_r": 0.6453249512575676
  },
  "best_match_pc2": {
    "v1_pc": 4,
    "abs_r": 0.33209081887885095
  },
  "best_match_pc3": {
    "v1_pc": 2,
    "abs_r": 0.18899592912976826
  },
  "null": {
    "observed_abs_r": 0.2692144847523016,
    "null_mean": 0.0684334807302599,
    "null_95": 0.16484400923689302,
    "p_value": 0.001
  },
  "v2_pc1_loadings": {
    "IFEval": -0.07324564925419705,
    "BBH": -0.5148726615538131,
    "MATH Lvl 5": -0.4427912935186634,
    "GPQA": -0.46250103821219074,
    "MUSR": -0.20601636914504903,
    "MMLU-PRO": -0.5264286589185941
  },
  "v1_pc1_loadings": {
    "ARC": -0.526310374517585,
    "HellaSwag": -0.5035927713321012,
    "MMLU": -0.2322082807341801,
    "TruthfulQA": -0.41120039010703074,
    "Winogrande": -0.46629136500250545,
    "GSM8K": -0.17016940616813228
  }
}