{
  "tau_pc1_all": 0.18606361463504323,
  "tau_full_all": 0.25188453759882334,
  "tau_pc1_top20": 0.06315789473684211,
  "tau_full_top20": 0.17894736842105263
}