{
  "alignment_matrix": [
    [
      0.9856611893412004,
      0.04762548536806899,
      0.16073141174104744,
      0.010008621466083889,
      0.015022828697098756,
      0.006586984436300569
    ],
    [
      0.05928387007561876,
      0.9101582032505167,
      0.08863373212632293,
      0.3618095755806755,
      0.1453485647253585,
      0.09060438777684089
    ],
    [
      0.15483274413534914,
      0.12404366141769643,
      0.96953959940712,
      0.09692973539472657,
      0.10281335736784918,
      0.025826275963622216
    ],
    [
      0.027361358035692118,
      0.3198821563274664,
      0.14716743164877136,
      0.9196980975908453,
      0.16967030189118626,
      0.025217199598100995
    ],
    [
      0.006742963416442149,
      0.13264544713939447,
      0.050560139574671294,
      0.10501267122327346,
      0.8502307881590362,
      0.49586624792655615
    ],
    [
      0.01378957757416066,
      0.18449287161789898,
      0.04569309946440187,
      0.052211426729405985,
      0.46518503675374645,
      0.8628796074963991
    ]
  ],
  "pc1_cosine": 0.9856611893412004,
  "pc1_bootstrap_ci": [
    0.9388139004632884,
    0.9950346500551429
  ],
  "null_95": 0.755638578196824,
  "null_pvalue": 0.0,
  "shared_pc1_loadings": {
    "IFEval": -0.08574062096237849,
    "BBH": -0.5164954450080543,
    "MATH Lvl 5": -0.40669740162691814,
    "GPQA": -0.46288024699500613,
    "MUSR": -0.2810538954227301,
    "MMLU-PRO": -0.5169417854288644
  },
  "shared_pc2_loadings": {
    "IFEval": -0.8422213651841872,
    "BBH": -0.02908983294194936,
    "MATH Lvl 5": -0.2753446073730251,
    "GPQA": 0.27919768173091836,
    "MUSR": 0.3644259657552653,
    "MMLU-PRO": -0.056962012224911554
  }
}