{
  "extended_frontier": {
    "n": 148,
    "d_eff": 4.802386749319542
  },
  "extended_full": {
    "n": 295,
    "d_eff": 2.1079873069411685
  },
  "ollm_v2_full": {
    "n": 458,
    "d_eff": 1.883079889172343
  }
}