{
  "q2": {
    "n_orig": 148,
    "n_dedup": 96,
    "n_families": 96,
    "d_eff_orig": 4.80238674931954,
    "d_eff_dedup": 4.333519803727245
  },
  "q3": {
    "d_eff": 4.739301369801762,
    "ci_lo": 3.103783872331854,
    "ci_hi": 4.595391282679912,
    "horn_95": 2.4222540874182457,
    "n_signal_horn": 0
  },
  "q5": {
    "sigma_iso": 1.0033955955097846,
    "sigma_aniso": 1.4945999093295013,
    "emp_swap": 0.4105263157894737,
    "iso_pred": 0.4360519378084906,
    "aniso_pred": 0.4566964553304499
  },
  "q7": "figure saved"
}