{
  "q=0.0": {
    "n": 4576,
    "d_eff": 1.776427788058029
  },
  "q=0.1": {
    "n": 4118,
    "d_eff": 1.9587669279745232
  },
  "q=0.2": {
    "n": 3661,
    "d_eff": 2.193327722717519
  },
  "q=0.3": {
    "n": 3203,
    "d_eff": 2.3346229663398352
  },
  "q=0.5": {
    "n": 2288,
    "d_eff": 2.446735635836162
  },
  "q=0.8": {
    "n": 916,
    "d_eff": 3.173862984757494
  },
  "q=0.9": {
    "n": 458,
    "d_eff": 3.9387316058961876
  }
}