{
  "full": {
    "n": 4576,
    "d_eff": 1.77642778805803
  },
  "frontier": {
    "n": 2288,
    "d_eff": 2.446735635836162
  },
  "n=200": {
    "d_eff_all": 1.8659647692554446,
    "d_eff_front": 2.432591816824759
  },
  "n=500": {
    "d_eff_all": 1.83000116029543,
    "d_eff_front": 2.4756850620512894
  },
  "n=1000": {
    "d_eff_all": 1.7989503973853236,
    "d_eff_front": 2.4727148288612284
  },
  "n=2000": {
    "d_eff_all": 1.7816543932824764,
    "d_eff_front": 2.4612316445624978
  }
}